Datetime,Irradiance (W/m2)
2023-03-21 00:00:00,1.0
2023-03-21 00:01:00,7.0
2023-03-21 00:02:00,7.0
2023-03-21 00:03:00,8.0
2023-03-21 00:04:00,0.0
2023-03-21 00:05:00,5.0
2023-03-21 00:06:00,1.0
2023-03-21 00:07:00,0.0
2023-03-21 00:08:00,0.0
2023-03-21 00:09:00,0.0
2023-03-21 00:10:00,0.0
2023-03-21 00:11:00,0.0
2023-03-21 00:12:00,0.0
2023-03-21 00:13:00,0.0
2023-03-21 00:14:00,0.0
2023-03-21 00:15:00,0.0
2023-03-21 00:16:00,0.0
2023-03-21 00:17:00,0.0
2023-03-21 00:18:00,0.0
2023-03-21 00:19:00,0.0
2023-03-21 00:20:00,0.0
2023-03-21 00:21:00,0.0
2023-03-21 00:22:00,0.0
2023-03-21 00:23:00,0.0
2023-03-21 00:24:00,0.0
2023-03-21 00:25:00,0.0
2023-03-21 00:26:00,0.0
2023-03-21 00:27:00,0.0
2023-03-21 00:28:00,0.0
2023-03-21 00:29:00,0.0
2023-03-21 00:30:00,0.0
2023-03-21 00:31:00,0.0
2023-03-21 00:32:00,0.0
2023-03-21 00:33:00,0.0
2023-03-21 00:34:00,0.0
2023-03-21 00:35:00,0.0
2023-03-21 00:36:00,0.0
2023-03-21 00:37:00,0.0
2023-03-21 00:38:00,0.0
2023-03-21 00:39:00,0.0
2023-03-21 00:40:00,0.0
2023-03-21 00:41:00,0.0
2023-03-21 00:42:00,0.0
2023-03-21 00:43:00,0.0
2023-03-21 00:44:00,0.0
2023-03-21 00:45:00,0.0
2023-03-21 00:46:00,0.0
2023-03-21 00:47:00,0.0
2023-03-21 00:48:00,0.0
2023-03-21 00:49:00,0.0
2023-03-21 00:50:00,0.0
2023-03-21 00:51:00,0.0
2023-03-21 00:52:00,0.0
2023-03-21 00:53:00,0.0
2023-03-21 00:54:00,0.0
2023-03-21 00:55:00,0.0
2023-03-21 00:56:00,0.0
2023-03-21 00:57:00,0.0
2023-03-21 00:58:00,0.0
2023-03-21 00:59:00,0.0
2023-03-21 01:00:00,0.0
2023-03-21 01:01:00,0.0
2023-03-21 01:02:00,0.0
2023-03-21 01:03:00,0.0
2023-03-21 01:04:00,0.0
2023-03-21 01:05:00,0.0
2023-03-21 01:06:00,0.0
2023-03-21 01:07:00,0.0
2023-03-21 01:08:00,0.0
2023-03-21 01:09:00,0.0
2023-03-21 01:10:00,0.0
2023-03-21 01:11:00,0.0
2023-03-21 01:12:00,0.0
2023-03-21 01:13:00,0.0
2023-03-21 01:14:00,0.0
2023-03-21 01:15:00,0.0
2023-03-21 01:16:00,0.0
2023-03-21 01:17:00,0.0
2023-03-21 01:18:00,0.0
2023-03-21 01:19:00,0.0
2023-03-21 01:20:00,0.0
2023-03-21 01:21:00,0.0
2023-03-21 01:22:00,0.0
2023-03-21 01:23:00,0.0
2023-03-21 01:24:00,0.0
2023-03-21 01:25:00,0.0
2023-03-21 01:26:00,0.0
2023-03-21 01:27:00,0.0
2023-03-21 01:28:00,0.0
2023-03-21 01:29:00,0.0
2023-03-21 01:30:00,0.0
2023-03-21 01:31:00,0.0
2023-03-21 01:32:00,0.0
2023-03-21 01:33:00,0.0
2023-03-21 01:34:00,0.0
2023-03-21 01:35:00,0.0
2023-03-21 01:36:00,0.0
2023-03-21 01:37:00,0.0
2023-03-21 01:38:00,0.0
2023-03-21 01:39:00,0.0
2023-03-21 01:40:00,0.0
2023-03-21 01:41:00,0.0
2023-03-21 01:42:00,0.0
2023-03-21 01:43:00,0.0
2023-03-21 01:44:00,0.0
2023-03-21 01:45:00,0.0
2023-03-21 01:46:00,0.0
2023-03-21 01:47:00,0.0
2023-03-21 01:48:00,0.0
2023-03-21 01:49:00,0.0
2023-03-21 01:50:00,0.0
2023-03-21 01:51:00,0.0
2023-03-21 01:52:00,0.0
2023-03-21 01:53:00,0.0
2023-03-21 01:54:00,0.0
2023-03-21 01:55:00,0.0
2023-03-21 01:56:00,0.0
2023-03-21 01:57:00,0.0
2023-03-21 01:58:00,0.0
2023-03-21 01:59:00,0.0
2023-03-21 02:00:00,0.0
2023-03-21 02:01:00,0.0
2023-03-21 02:02:00,0.0
2023-03-21 02:03:00,0.0
2023-03-21 02:04:00,0.0
2023-03-21 02:05:00,0.0
2023-03-21 02:06:00,0.0
2023-03-21 02:07:00,0.0
2023-03-21 02:08:00,0.0
2023-03-21 02:09:00,0.0
2023-03-21 02:10:00,0.0
2023-03-21 02:11:00,0.0
2023-03-21 02:12:00,0.0
2023-03-21 02:13:00,0.0
2023-03-21 02:14:00,0.0
2023-03-21 02:15:00,0.0
2023-03-21 02:16:00,0.0
2023-03-21 02:17:00,0.0
2023-03-21 02:18:00,0.0
2023-03-21 02:19:00,0.0
2023-03-21 02:20:00,0.0
2023-03-21 02:21:00,0.0
2023-03-21 02:22:00,0.0
2023-03-21 02:23:00,0.0
2023-03-21 02:24:00,0.0
2023-03-21 02:25:00,0.0
2023-03-21 02:26:00,0.0
2023-03-21 02:27:00,0.0
2023-03-21 02:28:00,0.0
2023-03-21 02:29:00,0.0
2023-03-21 02:30:00,0.0
2023-03-21 02:31:00,0.0
2023-03-21 02:32:00,0.0
2023-03-21 02:33:00,0.0
2023-03-21 02:34:00,0.0
2023-03-21 02:35:00,0.0
2023-03-21 02:36:00,0.0
2023-03-21 02:37:00,0.0
2023-03-21 02:38:00,0.0
2023-03-21 02:39:00,0.0
2023-03-21 02:40:00,0.0
2023-03-21 02:41:00,0.0
2023-03-21 02:42:00,0.0
2023-03-21 02:43:00,0.0
2023-03-21 02:44:00,0.0
2023-03-21 02:45:00,0.0
2023-03-21 02:46:00,0.0
2023-03-21 02:47:00,0.0
2023-03-21 02:48:00,0.0
2023-03-21 02:49:00,0.0
2023-03-21 02:50:00,0.0
2023-03-21 02:51:00,0.0
2023-03-21 02:52:00,0.0
2023-03-21 02:53:00,0.0
2023-03-21 02:54:00,0.0
2023-03-21 02:55:00,0.0
2023-03-21 02:56:00,0.0
2023-03-21 02:57:00,0.0
2023-03-21 02:58:00,0.0
2023-03-21 02:59:00,0.0
2023-03-21 03:00:00,0.0
2023-03-21 03:01:00,0.0
2023-03-21 03:02:00,0.0
2023-03-21 03:03:00,0.0
2023-03-21 03:04:00,0.0
2023-03-21 03:05:00,0.0
2023-03-21 03:06:00,0.0
2023-03-21 03:07:00,0.0
2023-03-21 03:08:00,0.0
2023-03-21 03:09:00,0.0
2023-03-21 03:10:00,0.0
2023-03-21 03:11:00,0.0
2023-03-21 03:12:00,0.0
2023-03-21 03:13:00,0.0
2023-03-21 03:14:00,0.0
2023-03-21 03:15:00,0.0
2023-03-21 03:16:00,0.0
2023-03-21 03:17:00,0.0
2023-03-21 03:18:00,0.0
2023-03-21 03:19:00,0.0
2023-03-21 03:20:00,0.0
2023-03-21 03:21:00,0.0
2023-03-21 03:22:00,0.0
2023-03-21 03:23:00,0.0
2023-03-21 03:24:00,0.0
2023-03-21 03:25:00,0.0
2023-03-21 03:26:00,0.0
2023-03-21 03:27:00,0.0
2023-03-21 03:28:00,0.0
2023-03-21 03:29:00,0.0
2023-03-21 03:30:00,0.0
2023-03-21 03:31:00,0.0
2023-03-21 03:32:00,0.0
2023-03-21 03:33:00,0.0
2023-03-21 03:34:00,0.0
2023-03-21 03:35:00,0.0
2023-03-21 03:36:00,0.0
2023-03-21 03:37:00,0.0
2023-03-21 03:38:00,0.0
2023-03-21 03:39:00,0.0
2023-03-21 03:40:00,0.0
2023-03-21 03:41:00,0.0
2023-03-21 03:42:00,0.0
2023-03-21 03:43:00,0.0
2023-03-21 03:44:00,0.0
2023-03-21 03:45:00,0.0
2023-03-21 03:46:00,0.0
2023-03-21 03:47:00,0.0
2023-03-21 03:48:00,0.0
2023-03-21 03:49:00,0.0
2023-03-21 03:50:00,0.0
2023-03-21 03:51:00,0.0
2023-03-21 03:52:00,0.0
2023-03-21 03:53:00,0.0
2023-03-21 03:54:00,0.0
2023-03-21 03:55:00,0.0
2023-03-21 03:56:00,0.0
2023-03-21 03:57:00,0.0
2023-03-21 03:58:00,0.0
2023-03-21 03:59:00,0.0
2023-03-21 04:00:00,0.0
2023-03-21 04:01:00,0.0
2023-03-21 04:02:00,0.0
2023-03-21 04:03:00,0.0
2023-03-21 04:04:00,0.0
2023-03-21 04:05:00,0.0
2023-03-21 04:06:00,0.0
2023-03-21 04:07:00,0.0
2023-03-21 04:08:00,0.0
2023-03-21 04:09:00,0.0
2023-03-21 04:10:00,0.0
2023-03-21 04:11:00,0.0
2023-03-21 04:12:00,0.0
2023-03-21 04:13:00,0.0
2023-03-21 04:14:00,0.0
2023-03-21 04:15:00,0.0
2023-03-21 04:16:00,0.0
2023-03-21 04:17:00,0.0
2023-03-21 04:18:00,0.0
2023-03-21 04:19:00,0.0
2023-03-21 04:20:00,0.0
2023-03-21 04:21:00,0.0
2023-03-21 04:22:00,0.0
2023-03-21 04:23:00,0.0
2023-03-21 04:24:00,0.0
2023-03-21 04:25:00,0.0
2023-03-21 04:26:00,0.0
2023-03-21 04:27:00,0.0
2023-03-21 04:28:00,0.0
2023-03-21 04:29:00,0.0
2023-03-21 04:30:00,0.0
2023-03-21 04:31:00,0.0
2023-03-21 04:32:00,0.0
2023-03-21 04:33:00,0.0
2023-03-21 04:34:00,0.0
2023-03-21 04:35:00,0.0
2023-03-21 04:36:00,0.0
2023-03-21 04:37:00,0.0
2023-03-21 04:38:00,0.0
2023-03-21 04:39:00,0.0
2023-03-21 04:40:00,0.0
2023-03-21 04:41:00,0.0
2023-03-21 04:42:00,0.0
2023-03-21 04:43:00,0.0
2023-03-21 04:44:00,0.0
2023-03-21 04:45:00,0.0
2023-03-21 04:46:00,0.0
2023-03-21 04:47:00,0.0
2023-03-21 04:48:00,0.0
2023-03-21 04:49:00,0.0
2023-03-21 04:50:00,0.0
2023-03-21 04:51:00,0.0
2023-03-21 04:52:00,0.0
2023-03-21 04:53:00,0.0
2023-03-21 04:54:00,0.0
2023-03-21 04:55:00,0.0
2023-03-21 04:56:00,0.0
2023-03-21 04:57:00,0.0
2023-03-21 04:58:00,0.0
2023-03-21 04:59:00,0.0
2023-03-21 05:00:00,0.0
2023-03-21 05:01:00,0.0
2023-03-21 05:02:00,0.0
2023-03-21 05:03:00,0.0
2023-03-21 05:04:00,0.0
2023-03-21 05:05:00,0.0
2023-03-21 05:06:00,0.0
2023-03-21 05:07:00,0.0
2023-03-21 05:08:00,0.0
2023-03-21 05:09:00,0.0
2023-03-21 05:10:00,0.0
2023-03-21 05:11:00,0.0
2023-03-21 05:12:00,0.0
2023-03-21 05:13:00,0.0
2023-03-21 05:14:00,0.0
2023-03-21 05:15:00,0.0
2023-03-21 05:16:00,0.0
2023-03-21 05:17:00,0.0
2023-03-21 05:18:00,0.0
2023-03-21 05:19:00,0.0
2023-03-21 05:20:00,0.0
2023-03-21 05:21:00,0.0
2023-03-21 05:22:00,0.0
2023-03-21 05:23:00,0.0
2023-03-21 05:24:00,0.0
2023-03-21 05:25:00,0.0
2023-03-21 05:26:00,0.0
2023-03-21 05:27:00,0.0
2023-03-21 05:28:00,0.0
2023-03-21 05:29:00,0.0
2023-03-21 05:30:00,0.0
2023-03-21 05:31:00,0.0
2023-03-21 05:32:00,0.0
2023-03-21 05:33:00,0.0
2023-03-21 05:34:00,0.0
2023-03-21 05:35:00,0.0
2023-03-21 05:36:00,0.0
2023-03-21 05:37:00,0.0
2023-03-21 05:38:00,0.0
2023-03-21 05:39:00,0.0
2023-03-21 05:40:00,0.0
2023-03-21 05:41:00,0.0
2023-03-21 05:42:00,0.0
2023-03-21 05:43:00,0.0
2023-03-21 05:44:00,0.0
2023-03-21 05:45:00,0.0
2023-03-21 05:46:00,0.0
2023-03-21 05:47:00,0.0
2023-03-21 05:48:00,0.0
2023-03-21 05:49:00,0.0
2023-03-21 05:50:00,0.0
2023-03-21 05:51:00,1.0
2023-03-21 05:52:00,1.0
2023-03-21 05:53:00,0.0
2023-03-21 05:54:00,1.0
2023-03-21 05:55:00,1.0
2023-03-21 05:56:00,1.0
2023-03-21 05:57:00,10.0
2023-03-21 05:58:00,1.0
2023-03-21 05:59:00,1.0
2023-03-21 06:00:00,7.0
2023-03-21 06:01:00,0.0
2023-03-21 06:02:00,3.0
2023-03-21 06:03:00,8.0
2023-03-21 06:04:00,1.0
2023-03-21 06:05:00,5.0
2023-03-21 06:06:00,1.0
2023-03-21 06:07:00,3.0
2023-03-21 06:08:00,5.0
2023-03-21 06:09:00,8.0
2023-03-21 06:10:00,12.0
2023-03-21 06:11:00,10.0
2023-03-21 06:12:00,8.0
2023-03-21 06:13:00,8.0
2023-03-21 06:14:00,8.0
2023-03-21 06:15:00,10.0
2023-03-21 06:16:00,8.0
2023-03-21 06:17:00,7.0
2023-03-21 06:18:00,8.0
2023-03-21 06:19:00,7.0
2023-03-21 06:20:00,8.0
2023-03-21 06:21:00,10.0
2023-03-21 06:22:00,10.0
2023-03-21 06:23:00,10.0
2023-03-21 06:24:00,12.0
2023-03-21 06:25:00,14.0
2023-03-21 06:26:00,17.0
2023-03-21 06:27:00,15.0
2023-03-21 06:28:00,21.0
2023-03-21 06:29:00,17.0
2023-03-21 06:30:00,22.0
2023-03-21 06:31:00,22.0
2023-03-21 06:32:00,21.0
2023-03-21 06:33:00,22.0
2023-03-21 06:34:00,24.0
2023-03-21 06:35:00,26.0
2023-03-21 06:36:00,33.0
2023-03-21 06:37:00,31.0
2023-03-21 06:38:00,31.0
2023-03-21 06:39:00,38.0
2023-03-21 06:40:00,33.0
2023-03-21 06:41:00,33.0
2023-03-21 06:42:00,33.0
2023-03-21 06:43:00,35.0
2023-03-21 06:44:00,40.0
2023-03-21 06:45:00,38.0
2023-03-21 06:46:00,42.0
2023-03-21 06:47:00,47.0
2023-03-21 06:48:00,54.0
2023-03-21 06:49:00,52.0
2023-03-21 06:50:00,58.0
2023-03-21 06:51:00,56.0
2023-03-21 06:52:00,66.0
2023-03-21 06:53:00,61.0
2023-03-21 06:54:00,61.0
2023-03-21 06:55:00,63.0
2023-03-21 06:56:00,65.0
2023-03-21 06:57:00,70.0
2023-03-21 06:58:00,65.0
2023-03-21 06:59:00,66.0
2023-03-21 07:00:00,70.0
2023-03-21 07:01:00,73.0
2023-03-21 07:02:00,77.0
2023-03-21 07:03:00,79.0
2023-03-21 07:04:00,79.0
2023-03-21 07:05:00,77.0
2023-03-21 07:06:00,89.0
2023-03-21 07:07:00,91.0
2023-03-21 07:08:00,103.0
2023-03-21 07:09:00,107.0
2023-03-21 07:10:00,109.0
2023-03-21 07:11:00,112.0
2023-03-21 07:12:00,114.0
2023-03-21 07:13:00,114.0
2023-03-21 07:14:00,112.0
2023-03-21 07:15:00,131.0
2023-03-21 07:16:00,130.0
2023-03-21 07:17:00,131.0
2023-03-21 07:18:00,135.0
2023-03-21 07:19:00,139.0
2023-03-21 07:20:00,137.0
2023-03-21 07:21:00,142.0
2023-03-21 07:22:00,147.0
2023-03-21 07:23:00,153.0
2023-03-21 07:24:00,161.0
2023-03-21 07:25:00,167.0
2023-03-21 07:26:00,168.0
2023-03-21 07:27:00,175.0
2023-03-21 07:28:00,182.0
2023-03-21 07:29:00,188.0
2023-03-21 07:30:00,200.0
2023-03-21 07:31:00,205.0
2023-03-21 07:32:00,219.0
2023-03-21 07:33:00,226.0
2023-03-21 07:34:00,235.0
2023-03-21 07:35:00,223.0
2023-03-21 07:36:00,242.0
2023-03-21 07:37:00,218.0
2023-03-21 07:38:00,228.0
2023-03-21 07:39:00,214.0
2023-03-21 07:40:00,234.0
2023-03-21 07:41:00,237.0
2023-03-21 07:42:00,246.0
2023-03-21 07:43:00,237.0
2023-03-21 07:44:00,239.0
2023-03-21 07:45:00,226.0
2023-03-21 07:46:00,251.0
2023-03-21 07:47:00,267.0
2023-03-21 07:48:00,270.0
2023-03-21 07:49:00,278.0
2023-03-21 07:50:00,281.0
2023-03-21 07:51:00,295.0
2023-03-21 07:52:00,306.0
2023-03-21 07:53:00,309.0
2023-03-21 07:54:00,314.0
2023-03-21 07:55:00,325.0
2023-03-21 07:56:00,309.0
2023-03-21 07:57:00,311.0
2023-03-21 07:58:00,339.0
2023-03-21 07:59:00,332.0
2023-03-21 08:00:00,309.0
2023-03-21 08:01:00,329.0
2023-03-21 08:02:00,325.0
2023-03-21 08:03:00,343.0
2023-03-21 08:04:00,197.0
2023-03-21 08:05:00,332.0
2023-03-21 08:06:00,348.0
2023-03-21 08:07:00,350.0
2023-03-21 08:08:00,336.0
2023-03-21 08:09:00,344.0
2023-03-21 08:10:00,365.0
2023-03-21 08:11:00,362.0
2023-03-21 08:12:00,365.0
2023-03-21 08:13:00,373.0
2023-03-21 08:14:00,380.0
2023-03-21 08:15:00,402.0
2023-03-21 08:16:00,417.0
2023-03-21 08:17:00,420.0
2023-03-21 08:18:00,411.0
2023-03-21 08:19:00,411.0
2023-03-21 08:20:00,415.0
2023-03-21 08:21:00,429.0
2023-03-21 08:22:00,445.0
2023-03-21 08:23:00,424.0
2023-03-21 08:24:00,429.0
2023-03-21 08:25:00,431.0
2023-03-21 08:26:00,443.0
2023-03-21 08:27:00,441.0
2023-03-21 08:28:00,446.0
2023-03-21 08:29:00,460.0
2023-03-21 08:30:00,446.0
2023-03-21 08:31:00,314.0
2023-03-21 08:32:00,452.0
2023-03-21 08:33:00,478.0
2023-03-21 08:34:00,466.0
2023-03-21 08:35:00,482.0
2023-03-21 08:36:00,496.0
2023-03-21 08:37:00,490.0
2023-03-21 08:38:00,489.0
2023-03-21 08:39:00,482.0
2023-03-21 08:40:00,216.0
2023-03-21 08:41:00,362.0
2023-03-21 08:42:00,235.0
2023-03-21 08:43:00,506.0
2023-03-21 08:44:00,517.0
2023-03-21 08:45:00,513.0
2023-03-21 08:46:00,513.0
2023-03-21 08:47:00,540.0
2023-03-21 08:48:00,485.0
2023-03-21 08:49:00,550.0
2023-03-21 08:50:00,541.0
2023-03-21 08:51:00,517.0
2023-03-21 08:52:00,256.0
2023-03-21 08:53:00,251.0
2023-03-21 08:54:00,256.0
2023-03-21 08:55:00,258.0
2023-03-21 08:56:00,462.0
2023-03-21 08:57:00,534.0
2023-03-21 08:58:00,244.0
2023-03-21 08:59:00,239.0
2023-03-21 09:00:00,223.0
2023-03-21 09:01:00,212.0
2023-03-21 09:02:00,336.0
2023-03-21 09:03:00,536.0
2023-03-21 09:04:00,469.0
2023-03-21 09:05:00,246.0
2023-03-21 09:06:00,563.0
2023-03-21 09:07:00,573.0
2023-03-21 09:08:00,559.0
2023-03-21 09:09:00,570.0
2023-03-21 09:10:00,462.0
2023-03-21 09:11:00,279.0
2023-03-21 09:12:00,265.0
2023-03-21 09:13:00,571.0
2023-03-21 09:14:00,608.0
2023-03-21 09:15:00,610.0
2023-03-21 09:16:00,619.0
2023-03-21 09:17:00,621.0
2023-03-21 09:18:00,615.0
2023-03-21 09:19:00,614.0
2023-03-21 09:20:00,617.0
2023-03-21 09:21:00,610.0
2023-03-21 09:22:00,584.0
2023-03-21 09:23:00,610.0
2023-03-21 09:24:00,600.0
2023-03-21 09:25:00,605.0
2023-03-21 09:26:00,591.0
2023-03-21 09:27:00,619.0
2023-03-21 09:28:00,619.0
2023-03-21 09:29:00,614.0
2023-03-21 09:30:00,269.0
2023-03-21 09:31:00,260.0
2023-03-21 09:32:00,244.0
2023-03-21 09:33:00,585.0
2023-03-21 09:34:00,401.0
2023-03-21 09:35:00,244.0
2023-03-21 09:36:00,241.0
2023-03-21 09:37:00,246.0
2023-03-21 09:38:00,265.0
2023-03-21 09:39:00,656.0
2023-03-21 09:40:00,265.0
2023-03-21 09:41:00,253.0
2023-03-21 09:42:00,309.0
2023-03-21 09:43:00,274.0
2023-03-21 09:44:00,246.0
2023-03-21 09:45:00,241.0
2023-03-21 09:46:00,334.0
2023-03-21 09:47:00,696.0
2023-03-21 09:48:00,672.0
2023-03-21 09:49:00,263.0
2023-03-21 09:50:00,235.0
2023-03-21 09:51:00,235.0
2023-03-21 09:52:00,693.0
2023-03-21 09:53:00,561.0
2023-03-21 09:54:00,703.0
2023-03-21 09:55:00,348.0
2023-03-21 09:56:00,709.0
2023-03-21 09:57:00,700.0
2023-03-21 09:58:00,682.0
2023-03-21 09:59:00,700.0
2023-03-21 10:00:00,714.0
2023-03-21 10:01:00,714.0
2023-03-21 10:02:00,726.0
2023-03-21 10:03:00,731.0
2023-03-21 10:04:00,504.0
2023-03-21 10:05:00,459.0
2023-03-21 10:06:00,731.0
2023-03-21 10:07:00,691.0
2023-03-21 10:08:00,751.0
2023-03-21 10:09:00,747.0
2023-03-21 10:10:00,733.0
2023-03-21 10:11:00,747.0
2023-03-21 10:12:00,758.0
2023-03-21 10:13:00,726.0
2023-03-21 10:14:00,763.0
2023-03-21 10:15:00,777.0
2023-03-21 10:16:00,747.0
2023-03-21 10:17:00,774.0
2023-03-21 10:18:00,775.0
2023-03-21 10:19:00,784.0
2023-03-21 10:20:00,781.0
2023-03-21 10:21:00,781.0
2023-03-21 10:22:00,777.0
2023-03-21 10:23:00,770.0
2023-03-21 10:24:00,654.0
2023-03-21 10:25:00,777.0
2023-03-21 10:26:00,775.0
2023-03-21 10:27:00,786.0
2023-03-21 10:28:00,795.0
2023-03-21 10:29:00,800.0
2023-03-21 10:30:00,797.0
2023-03-21 10:31:00,791.0
2023-03-21 10:32:00,795.0
2023-03-21 10:33:00,809.0
2023-03-21 10:34:00,797.0
2023-03-21 10:35:00,714.0
2023-03-21 10:36:00,826.0
2023-03-21 10:37:00,844.0
2023-03-21 10:38:00,841.0
2023-03-21 10:39:00,600.0
2023-03-21 10:40:00,818.0
2023-03-21 10:41:00,846.0
2023-03-21 10:42:00,825.0
2023-03-21 10:43:00,825.0
2023-03-21 10:44:00,819.0
2023-03-21 10:45:00,809.0
2023-03-21 10:46:00,834.0
2023-03-21 10:47:00,839.0
2023-03-21 10:48:00,487.0
2023-03-21 10:49:00,274.0
2023-03-21 10:50:00,321.0
2023-03-21 10:51:00,415.0
2023-03-21 10:52:00,839.0
2023-03-21 10:53:00,837.0
2023-03-21 10:54:00,834.0
2023-03-21 10:55:00,844.0
2023-03-21 10:56:00,846.0
2023-03-21 10:57:00,837.0
2023-03-21 10:58:00,849.0
2023-03-21 10:59:00,862.0
2023-03-21 11:00:00,446.0
2023-03-21 11:01:00,693.0
2023-03-21 11:02:00,860.0
2023-03-21 11:03:00,855.0
2023-03-21 11:04:00,858.0
2023-03-21 11:05:00,870.0
2023-03-21 11:06:00,378.0
2023-03-21 11:07:00,365.0
2023-03-21 11:08:00,394.0
2023-03-21 11:09:00,925.0
2023-03-21 11:10:00,916.0
2023-03-21 11:11:00,916.0
2023-03-21 11:12:00,561.0
2023-03-21 11:13:00,573.0
2023-03-21 11:14:00,923.0
2023-03-21 11:15:00,892.0
2023-03-21 11:16:00,867.0
2023-03-21 11:17:00,888.0
2023-03-21 11:18:00,897.0
2023-03-21 11:19:00,895.0
2023-03-21 11:20:00,645.0
2023-03-21 11:21:00,392.0
2023-03-21 11:22:00,876.0
2023-03-21 11:23:00,904.0
2023-03-21 11:24:00,881.0
2023-03-21 11:25:00,890.0
2023-03-21 11:26:00,895.0
2023-03-21 11:27:00,900.0
2023-03-21 11:28:00,914.0
2023-03-21 11:29:00,452.0
2023-03-21 11:30:00,344.0
2023-03-21 11:31:00,387.0
2023-03-21 11:32:00,941.0
2023-03-21 11:33:00,899.0
2023-03-21 11:34:00,900.0
2023-03-21 11:35:00,914.0
2023-03-21 11:36:00,927.0
2023-03-21 11:37:00,510.0
2023-03-21 11:38:00,455.0
2023-03-21 11:39:00,332.0
2023-03-21 11:40:00,337.0
2023-03-21 11:41:00,524.0
2023-03-21 11:42:00,955.0
2023-03-21 11:43:00,946.0
2023-03-21 11:44:00,939.0
2023-03-21 11:45:00,920.0
2023-03-21 11:46:00,934.0
2023-03-21 11:47:00,914.0
2023-03-21 11:48:00,921.0
2023-03-21 11:49:00,936.0
2023-03-21 11:50:00,951.0
2023-03-21 11:51:00,399.0
2023-03-21 11:52:00,385.0
2023-03-21 11:53:00,360.0
2023-03-21 11:54:00,395.0
2023-03-21 11:55:00,981.0
2023-03-21 11:56:00,958.0
2023-03-21 11:57:00,934.0
2023-03-21 11:58:00,918.0
2023-03-21 11:59:00,934.0
2023-03-21 12:00:00,929.0
2023-03-21 12:01:00,402.0
2023-03-21 12:02:00,392.0
2023-03-21 12:03:00,849.0
2023-03-21 12:04:00,953.0
2023-03-21 12:05:00,939.0
2023-03-21 12:06:00,957.0
2023-03-21 12:07:00,946.0
2023-03-21 12:08:00,953.0
2023-03-21 12:09:00,971.0
2023-03-21 12:10:00,976.0
2023-03-21 12:11:00,330.0
2023-03-21 12:12:00,943.0
2023-03-21 12:13:00,492.0
2023-03-21 12:14:00,364.0
2023-03-21 12:15:00,999.0
2023-03-21 12:16:00,656.0
2023-03-21 12:17:00,900.0
2023-03-21 12:18:00,1008.0
2023-03-21 12:19:00,1006.0
2023-03-21 12:20:00,452.0
2023-03-21 12:21:00,475.0
2023-03-21 12:22:00,548.0
2023-03-21 12:23:00,955.0
2023-03-21 12:24:00,953.0
2023-03-21 12:25:00,964.0
2023-03-21 12:26:00,325.0
2023-03-21 12:27:00,334.0
2023-03-21 12:28:00,462.0
2023-03-21 12:29:00,1001.0
2023-03-21 12:30:00,981.0
2023-03-21 12:31:00,960.0
2023-03-21 12:32:00,937.0
2023-03-21 12:33:00,946.0
2023-03-21 12:34:00,941.0
2023-03-21 12:35:00,932.0
2023-03-21 12:36:00,936.0
2023-03-21 12:37:00,929.0
2023-03-21 12:38:00,929.0
2023-03-21 12:39:00,737.0
2023-03-21 12:40:00,675.0
2023-03-21 12:41:00,948.0
2023-03-21 12:42:00,934.0
2023-03-21 12:43:00,937.0
2023-03-21 12:44:00,934.0
2023-03-21 12:45:00,958.0
2023-03-21 12:46:00,953.0
2023-03-21 12:47:00,420.0
2023-03-21 12:48:00,760.0
2023-03-21 12:49:00,1013.0
2023-03-21 12:50:00,923.0
2023-03-21 12:51:00,1011.0
2023-03-21 12:52:00,999.0
2023-03-21 12:53:00,473.0
2023-03-21 12:54:00,767.0
2023-03-21 12:55:00,464.0
2023-03-21 12:56:00,955.0
2023-03-21 12:57:00,962.0
2023-03-21 12:58:00,962.0
2023-03-21 12:59:00,987.0
2023-03-21 13:00:00,1001.0
2023-03-21 13:01:00,941.0
2023-03-21 13:02:00,631.0
2023-03-21 13:03:00,869.0
2023-03-21 13:04:00,800.0
2023-03-21 13:05:00,987.0
2023-03-21 13:06:00,828.0
2023-03-21 13:07:00,374.0
2023-03-21 13:08:00,760.0
2023-03-21 13:09:00,983.0
2023-03-21 13:10:00,380.0
2023-03-21 13:11:00,633.0
2023-03-21 13:12:00,538.0
2023-03-21 13:13:00,427.0
2023-03-21 13:14:00,431.0
2023-03-21 13:15:00,921.0
2023-03-21 13:16:00,962.0
2023-03-21 13:17:00,904.0
2023-03-21 13:18:00,950.0
2023-03-21 13:19:00,948.0
2023-03-21 13:20:00,941.0
2023-03-21 13:21:00,932.0
2023-03-21 13:22:00,744.0
2023-03-21 13:23:00,890.0
2023-03-21 13:24:00,916.0
2023-03-21 13:25:00,862.0
2023-03-21 13:26:00,705.0
2023-03-21 13:27:00,397.0
2023-03-21 13:28:00,455.0
2023-03-21 13:29:00,550.0
2023-03-21 13:30:00,638.0
2023-03-21 13:31:00,680.0
2023-03-21 13:32:00,717.0
2023-03-21 13:33:00,744.0
2023-03-21 13:34:00,636.0
2023-03-21 13:35:00,663.0
2023-03-21 13:36:00,691.0
2023-03-21 13:37:00,767.0
2023-03-21 13:38:00,716.0
2023-03-21 13:39:00,858.0
2023-03-21 13:40:00,907.0
2023-03-21 13:41:00,874.0
2023-03-21 13:42:00,376.0
2023-03-21 13:43:00,365.0
2023-03-21 13:44:00,885.0
2023-03-21 13:45:00,881.0
2023-03-21 13:46:00,888.0
2023-03-21 13:47:00,695.0
2023-03-21 13:48:00,860.0
2023-03-21 13:49:00,883.0
2023-03-21 13:50:00,879.0
2023-03-21 13:51:00,872.0
2023-03-21 13:52:00,793.0
2023-03-21 13:53:00,892.0
2023-03-21 13:54:00,853.0
2023-03-21 13:55:00,832.0
2023-03-21 13:56:00,834.0
2023-03-21 13:57:00,872.0
2023-03-21 13:58:00,872.0
2023-03-21 13:59:00,795.0
2023-03-21 14:00:00,791.0
2023-03-21 14:01:00,779.0
2023-03-21 14:02:00,633.0
2023-03-21 14:03:00,633.0
2023-03-21 14:04:00,651.0
2023-03-21 14:05:00,564.0
2023-03-21 14:06:00,540.0
2023-03-21 14:07:00,571.0
2023-03-21 14:08:00,643.0
2023-03-21 14:09:00,691.0
2023-03-21 14:10:00,721.0
2023-03-21 14:11:00,775.0
2023-03-21 14:12:00,782.0
2023-03-21 14:13:00,761.0
2023-03-21 14:14:00,746.0
2023-03-21 14:15:00,693.0
2023-03-21 14:16:00,703.0
2023-03-21 14:17:00,696.0
2023-03-21 14:18:00,691.0
2023-03-21 14:19:00,629.0
2023-03-21 14:20:00,621.0
2023-03-21 14:21:00,659.0
2023-03-21 14:22:00,687.0
2023-03-21 14:23:00,652.0
2023-03-21 14:24:00,649.0
2023-03-21 14:25:00,689.0
2023-03-21 14:26:00,686.0
2023-03-21 14:27:00,707.0
2023-03-21 14:28:00,677.0
2023-03-21 14:29:00,673.0
2023-03-21 14:30:00,658.0
2023-03-21 14:31:00,652.0
2023-03-21 14:32:00,672.0
2023-03-21 14:33:00,700.0
2023-03-21 14:34:00,747.0
2023-03-21 14:35:00,756.0
2023-03-21 14:36:00,751.0
2023-03-21 14:37:00,753.0
2023-03-21 14:38:00,747.0
2023-03-21 14:39:00,740.0
2023-03-21 14:40:00,719.0
2023-03-21 14:41:00,703.0
2023-03-21 14:42:00,675.0
2023-03-21 14:43:00,647.0
2023-03-21 14:44:00,659.0
2023-03-21 14:45:00,638.0
2023-03-21 14:46:00,592.0
2023-03-21 14:47:00,533.0
2023-03-21 14:48:00,608.0
2023-03-21 14:49:00,638.0
2023-03-21 14:50:00,629.0
2023-03-21 14:51:00,652.0
2023-03-21 14:52:00,668.0
2023-03-21 14:53:00,687.0
2023-03-21 14:54:00,679.0
2023-03-21 14:55:00,686.0
2023-03-21 14:56:00,693.0
2023-03-21 14:57:00,679.0
2023-03-21 14:58:00,663.0
2023-03-21 14:59:00,643.0
2023-03-21 15:00:00,640.0
2023-03-21 15:01:00,636.0
2023-03-21 15:02:00,642.0
2023-03-21 15:03:00,631.0
2023-03-21 15:04:00,624.0
2023-03-21 15:05:00,635.0
2023-03-21 15:06:00,633.0
2023-03-21 15:07:00,626.0
2023-03-21 15:08:00,622.0
2023-03-21 15:09:00,636.0
2023-03-21 15:10:00,642.0
2023-03-21 15:11:00,640.0
2023-03-21 15:12:00,628.0
2023-03-21 15:13:00,612.0
2023-03-21 15:14:00,612.0
2023-03-21 15:15:00,621.0
2023-03-21 15:16:00,619.0
2023-03-21 15:17:00,617.0
2023-03-21 15:18:00,610.0
2023-03-21 15:19:00,603.0
2023-03-21 15:20:00,600.0
2023-03-21 15:21:00,600.0
2023-03-21 15:22:00,601.0
2023-03-21 15:23:00,598.0
2023-03-21 15:24:00,594.0
2023-03-21 15:25:00,592.0
2023-03-21 15:26:00,584.0
2023-03-21 15:27:00,584.0
2023-03-21 15:28:00,582.0
2023-03-21 15:29:00,577.0
2023-03-21 15:30:00,573.0
2023-03-21 15:31:00,568.0
2023-03-21 15:32:00,563.0
2023-03-21 15:33:00,564.0
2023-03-21 15:34:00,559.0
2023-03-21 15:35:00,556.0
2023-03-21 15:36:00,548.0
2023-03-21 15:37:00,547.0
2023-03-21 15:38:00,541.0
2023-03-21 15:39:00,540.0
2023-03-21 15:40:00,531.0
2023-03-21 15:41:00,527.0
2023-03-21 15:42:00,519.0
2023-03-21 15:43:00,515.0
2023-03-21 15:44:00,510.0
2023-03-21 15:45:00,508.0
2023-03-21 15:46:00,510.0
2023-03-21 15:47:00,496.0
2023-03-21 15:48:00,503.0
2023-03-21 15:49:00,503.0
2023-03-21 15:50:00,499.0
2023-03-21 15:51:00,494.0
2023-03-21 15:52:00,490.0
2023-03-21 15:53:00,494.0
2023-03-21 15:54:00,494.0
2023-03-21 15:55:00,489.0
2023-03-21 15:56:00,482.0
2023-03-21 15:57:00,483.0
2023-03-21 15:58:00,471.0
2023-03-21 15:59:00,462.0
2023-03-21 16:00:00,471.0
2023-03-21 16:01:00,468.0
2023-03-21 16:02:00,460.0
2023-03-21 16:03:00,460.0
2023-03-21 16:04:00,462.0
2023-03-21 16:05:00,453.0
2023-03-21 16:06:00,448.0
2023-03-21 16:07:00,445.0
2023-03-21 16:08:00,443.0
2023-03-21 16:09:00,443.0
2023-03-21 16:10:00,436.0
2023-03-21 16:11:00,432.0
2023-03-21 16:12:00,431.0
2023-03-21 16:13:00,427.0
2023-03-21 16:14:00,420.0
2023-03-21 16:15:00,420.0
2023-03-21 16:16:00,415.0
2023-03-21 16:17:00,408.0
2023-03-21 16:18:00,408.0
2023-03-21 16:19:00,395.0
2023-03-21 16:20:00,390.0
2023-03-21 16:21:00,381.0
2023-03-21 16:22:00,341.0
2023-03-21 16:23:00,198.0
2023-03-21 16:24:00,117.0
2023-03-21 16:25:00,116.0
2023-03-21 16:26:00,114.0
2023-03-21 16:27:00,109.0
2023-03-21 16:28:00,105.0
2023-03-21 16:29:00,103.0
2023-03-21 16:30:00,110.0
2023-03-21 16:31:00,103.0
2023-03-21 16:32:00,107.0
2023-03-21 16:33:00,105.0
2023-03-21 16:34:00,100.0
2023-03-21 16:35:00,98.0
2023-03-21 16:36:00,98.0
2023-03-21 16:37:00,100.0
2023-03-21 16:38:00,105.0
2023-03-21 16:39:00,98.0
2023-03-21 16:40:00,98.0
2023-03-21 16:41:00,98.0
2023-03-21 16:42:00,96.0
2023-03-21 16:43:00,100.0
2023-03-21 16:44:00,95.0
2023-03-21 16:45:00,95.0
2023-03-21 16:46:00,93.0
2023-03-21 16:47:00,93.0
2023-03-21 16:48:00,93.0
2023-03-21 16:49:00,93.0
2023-03-21 16:50:00,89.0
2023-03-21 16:51:00,91.0
2023-03-21 16:52:00,96.0
2023-03-21 16:53:00,91.0
2023-03-21 16:54:00,89.0
2023-03-21 16:55:00,89.0
2023-03-21 16:56:00,91.0
2023-03-21 16:57:00,87.0
2023-03-21 16:58:00,95.0
2023-03-21 16:59:00,86.0
2023-03-21 17:00:00,86.0
2023-03-21 17:01:00,93.0
2023-03-21 17:02:00,87.0
2023-03-21 17:03:00,86.0
2023-03-21 17:04:00,86.0
2023-03-21 17:05:00,84.0
2023-03-21 17:06:00,84.0
2023-03-21 17:07:00,82.0
2023-03-21 17:08:00,82.0
2023-03-21 17:09:00,86.0
2023-03-21 17:10:00,82.0
2023-03-21 17:11:00,80.0
2023-03-21 17:12:00,80.0
2023-03-21 17:13:00,82.0
2023-03-21 17:14:00,79.0
2023-03-21 17:15:00,77.0
2023-03-21 17:16:00,77.0
2023-03-21 17:17:00,75.0
2023-03-21 17:18:00,75.0
2023-03-21 17:19:00,73.0
2023-03-21 17:20:00,79.0
2023-03-21 17:21:00,72.0
2023-03-21 17:22:00,72.0
2023-03-21 17:23:00,70.0
2023-03-21 17:24:00,68.0
2023-03-21 17:25:00,68.0
2023-03-21 17:26:00,68.0
2023-03-21 17:27:00,66.0
2023-03-21 17:28:00,66.0
2023-03-21 17:29:00,65.0
2023-03-21 17:30:00,65.0
2023-03-21 17:31:00,63.0
2023-03-21 17:32:00,63.0
2023-03-21 17:33:00,63.0
2023-03-21 17:34:00,61.0
2023-03-21 17:35:00,63.0
2023-03-21 17:36:00,61.0
2023-03-21 17:37:00,63.0
2023-03-21 17:38:00,66.0
2023-03-21 17:39:00,59.0
2023-03-21 17:40:00,58.0
2023-03-21 17:41:00,59.0
2023-03-21 17:42:00,56.0
2023-03-21 17:43:00,58.0
2023-03-21 17:44:00,56.0
2023-03-21 17:45:00,59.0
2023-03-21 17:46:00,58.0
2023-03-21 17:47:00,52.0
2023-03-21 17:48:00,51.0
2023-03-21 17:49:00,54.0
2023-03-21 17:50:00,56.0
2023-03-21 17:51:00,47.0
2023-03-21 17:52:00,52.0
2023-03-21 17:53:00,49.0
2023-03-21 17:54:00,49.0
2023-03-21 17:55:00,47.0
2023-03-21 17:56:00,43.0
2023-03-21 17:57:00,43.0
2023-03-21 17:58:00,42.0
2023-03-21 17:59:00,42.0
2023-03-21 18:00:00,43.0
2023-03-21 18:01:00,42.0
2023-03-21 18:02:00,38.0
2023-03-21 18:03:00,43.0
2023-03-21 18:04:00,35.0
2023-03-21 18:05:00,40.0
2023-03-21 18:06:00,35.0
2023-03-21 18:07:00,35.0
2023-03-21 18:08:00,35.0
2023-03-21 18:09:00,33.0
2023-03-21 18:10:00,35.0
2023-03-21 18:11:00,33.0
2023-03-21 18:12:00,33.0
2023-03-21 18:13:00,31.0
2023-03-21 18:14:00,33.0
2023-03-21 18:15:00,31.0
2023-03-21 18:16:00,21.0
2023-03-21 18:17:00,26.0
2023-03-21 18:18:00,22.0
2023-03-21 18:19:00,24.0
2023-03-21 18:20:00,21.0
2023-03-21 18:21:00,17.0
2023-03-21 18:22:00,15.0
2023-03-21 18:23:00,17.0
2023-03-21 18:24:00,14.0
2023-03-21 18:25:00,12.0
2023-03-21 18:26:00,12.0
2023-03-21 18:27:00,15.0
2023-03-21 18:28:00,10.0
2023-03-21 18:29:00,10.0
2023-03-21 18:30:00,8.0
2023-03-21 18:31:00,8.0
2023-03-21 18:32:00,10.0
2023-03-21 18:33:00,8.0
2023-03-21 18:34:00,14.0
2023-03-21 18:35:00,7.0
2023-03-21 18:36:00,5.0
2023-03-21 18:37:00,10.0
2023-03-21 18:38:00,3.0
2023-03-21 18:39:00,3.0
2023-03-21 18:40:00,3.0
2023-03-21 18:41:00,1.0
2023-03-21 18:42:00,3.0
2023-03-21 18:43:00,3.0
2023-03-21 18:44:00,1.0
2023-03-21 18:45:00,7.0
2023-03-21 18:46:00,1.0
2023-03-21 18:47:00,0.0
2023-03-21 18:48:00,0.0
2023-03-21 18:49:00,10.0
2023-03-21 18:50:00,10.0
2023-03-21 18:51:00,1.0
2023-03-21 18:52:00,1.0
2023-03-21 18:53:00,1.0
2023-03-21 18:54:00,5.0
2023-03-21 18:55:00,3.0
2023-03-21 18:56:00,8.0
2023-03-21 18:57:00,0.0
2023-03-21 18:58:00,5.0
2023-03-21 18:59:00,8.0
2023-03-21 19:00:00,0.0
2023-03-21 19:01:00,1.0
2023-03-21 19:02:00,3.0
2023-03-21 19:03:00,1.0
2023-03-21 19:04:00,0.0
2023-03-21 19:05:00,0.0
2023-03-21 19:06:00,10.0
2023-03-21 19:07:00,1.0
2023-03-21 19:08:00,10.0
2023-03-21 19:09:00,1.0
2023-03-21 19:10:00,10.0
2023-03-21 19:11:00,0.0
2023-03-21 19:12:00,1.0
2023-03-21 19:13:00,1.0
2023-03-21 19:14:00,5.0
2023-03-21 19:15:00,8.0
2023-03-21 19:16:00,0.0
2023-03-21 19:17:00,0.0
2023-03-21 19:18:00,0.0
2023-03-21 19:19:00,5.0
2023-03-21 19:20:00,7.0
2023-03-21 19:21:00,7.0
2023-03-21 19:22:00,1.0
2023-03-21 19:23:00,0.0
2023-03-21 19:24:00,8.0
2023-03-21 19:25:00,8.0
2023-03-21 19:26:00,0.0
2023-03-21 19:27:00,0.0
2023-03-21 19:28:00,1.0
2023-03-21 19:29:00,5.0
2023-03-21 19:30:00,5.0
2023-03-21 19:31:00,0.0
2023-03-21 19:32:00,0.0
2023-03-21 19:33:00,0.0
2023-03-21 19:34:00,8.0
2023-03-21 19:35:00,5.0
2023-03-21 19:36:00,10.0
2023-03-21 19:37:00,8.0
2023-03-21 19:38:00,5.0
2023-03-21 19:39:00,1.0
2023-03-21 19:40:00,1.0
2023-03-21 19:41:00,1.0
2023-03-21 19:42:00,3.0
2023-03-21 19:43:00,1.0
2023-03-21 19:44:00,0.0
2023-03-21 19:45:00,1.0
2023-03-21 19:46:00,1.0
2023-03-21 19:47:00,0.0
2023-03-21 19:48:00,0.0
2023-03-21 19:49:00,1.0
2023-03-21 19:50:00,1.0
2023-03-21 19:51:00,1.0
2023-03-21 19:52:00,8.0
2023-03-21 19:53:00,1.0
2023-03-21 19:54:00,5.0
2023-03-21 19:55:00,1.0
2023-03-21 19:56:00,5.0
2023-03-21 19:57:00,1.0
2023-03-21 19:58:00,3.0
2023-03-21 19:59:00,8.0
2023-03-21 20:00:00,0.0
2023-03-21 20:01:00,5.0
2023-03-21 20:02:00,0.0
2023-03-21 20:03:00,7.0
2023-03-21 20:04:00,1.0
2023-03-21 20:05:00,1.0
2023-03-21 20:06:00,1.0
2023-03-21 20:07:00,8.0
2023-03-21 20:08:00,1.0
2023-03-21 20:09:00,7.0
2023-03-21 20:10:00,0.0
2023-03-21 20:11:00,1.0
2023-03-21 20:12:00,8.0
2023-03-21 20:13:00,1.0
2023-03-21 20:14:00,1.0
2023-03-21 20:15:00,1.0
2023-03-21 20:16:00,0.0
2023-03-21 20:17:00,1.0
2023-03-21 20:18:00,10.0
2023-03-21 20:19:00,10.0
2023-03-21 20:20:00,1.0
2023-03-21 20:21:00,5.0
2023-03-21 20:22:00,5.0
2023-03-21 20:23:00,5.0
2023-03-21 20:24:00,7.0
2023-03-21 20:25:00,8.0
2023-03-21 20:26:00,1.0
2023-03-21 20:27:00,7.0
2023-03-21 20:28:00,1.0
2023-03-21 20:29:00,0.0
2023-03-21 20:30:00,3.0
2023-03-21 20:31:00,1.0
2023-03-21 20:32:00,0.0
2023-03-21 20:33:00,0.0
2023-03-21 20:34:00,0.0
2023-03-21 20:35:00,8.0
2023-03-21 20:36:00,8.0
2023-03-21 20:37:00,0.0
2023-03-21 20:38:00,3.0
2023-03-21 20:39:00,1.0
2023-03-21 20:40:00,1.0
2023-03-21 20:41:00,0.0
2023-03-21 20:42:00,0.0
2023-03-21 20:43:00,3.0
2023-03-21 20:44:00,0.0
2023-03-21 20:45:00,0.0
2023-03-21 20:46:00,1.0
2023-03-21 20:47:00,1.0
2023-03-21 20:48:00,0.0
2023-03-21 20:49:00,5.0
2023-03-21 20:50:00,1.0
2023-03-21 20:51:00,0.0
2023-03-21 20:52:00,5.0
2023-03-21 20:53:00,1.0
2023-03-21 20:54:00,0.0
2023-03-21 20:55:00,1.0
2023-03-21 20:56:00,1.0
2023-03-21 20:57:00,0.0
2023-03-21 20:58:00,0.0
2023-03-21 20:59:00,1.0
2023-03-21 21:00:00,3.0
2023-03-21 21:01:00,1.0
2023-03-21 21:02:00,1.0
2023-03-21 21:03:00,1.0
2023-03-21 21:04:00,1.0
2023-03-21 21:05:00,5.0
2023-03-21 21:06:00,0.0
2023-03-21 21:07:00,1.0
2023-03-21 21:08:00,0.0
2023-03-21 21:09:00,0.0
2023-03-21 21:10:00,0.0
2023-03-21 21:11:00,0.0
2023-03-21 21:12:00,7.0
2023-03-21 21:13:00,0.0
2023-03-21 21:14:00,7.0
2023-03-21 21:15:00,1.0
2023-03-21 21:16:00,5.0
2023-03-21 21:17:00,10.0
2023-03-21 21:18:00,0.0
2023-03-21 21:19:00,1.0
2023-03-21 21:20:00,1.0
2023-03-21 21:21:00,1.0
2023-03-21 21:22:00,0.0
2023-03-21 21:23:00,1.0
2023-03-21 21:24:00,3.0
2023-03-21 21:25:00,0.0
2023-03-21 21:26:00,7.0
2023-03-21 21:27:00,0.0
2023-03-21 21:28:00,8.0
2023-03-21 21:29:00,5.0
2023-03-21 21:30:00,7.0
2023-03-21 21:31:00,7.0
2023-03-21 21:32:00,3.0
2023-03-21 21:33:00,3.0
2023-03-21 21:34:00,5.0
2023-03-21 21:35:00,7.0
2023-03-21 21:36:00,0.0
2023-03-21 21:37:00,1.0
2023-03-21 21:38:00,3.0
2023-03-21 21:39:00,3.0
2023-03-21 21:40:00,7.0
2023-03-21 21:41:00,1.0
2023-03-21 21:42:00,1.0
2023-03-21 21:43:00,7.0
2023-03-21 21:44:00,0.0
2023-03-21 21:45:00,1.0
2023-03-21 21:46:00,0.0
2023-03-21 21:47:00,1.0
2023-03-21 21:48:00,1.0
2023-03-21 21:49:00,0.0
2023-03-21 21:50:00,5.0
2023-03-21 21:51:00,1.0
2023-03-21 21:52:00,0.0
2023-03-21 21:53:00,0.0
2023-03-21 21:54:00,5.0
2023-03-21 21:55:00,8.0
2023-03-21 21:56:00,1.0
2023-03-21 21:57:00,5.0
2023-03-21 21:58:00,5.0
2023-03-21 21:59:00,5.0
2023-03-21 22:00:00,7.0
2023-03-21 22:01:00,10.0
2023-03-21 22:02:00,0.0
2023-03-21 22:03:00,0.0
2023-03-21 22:04:00,0.0
2023-03-21 22:05:00,7.0
2023-03-21 22:06:00,0.0
2023-03-21 22:07:00,0.0
2023-03-21 22:08:00,0.0
2023-03-21 22:09:00,1.0
2023-03-21 22:10:00,3.0
2023-03-21 22:11:00,0.0
2023-03-21 22:12:00,0.0
2023-03-21 22:13:00,7.0
2023-03-21 22:14:00,1.0
2023-03-21 22:15:00,1.0
2023-03-21 22:16:00,0.0
2023-03-21 22:17:00,1.0
2023-03-21 22:18:00,5.0
2023-03-21 22:19:00,5.0
2023-03-21 22:20:00,1.0
2023-03-21 22:21:00,8.0
2023-03-21 22:22:00,1.0
2023-03-21 22:23:00,5.0
2023-03-21 22:24:00,7.0
2023-03-21 22:25:00,1.0
2023-03-21 22:26:00,1.0
2023-03-21 22:27:00,0.0
2023-03-21 22:28:00,0.0
2023-03-21 22:29:00,5.0
2023-03-21 22:30:00,5.0
2023-03-21 22:31:00,3.0
2023-03-21 22:32:00,0.0
2023-03-21 22:33:00,3.0
2023-03-21 22:34:00,1.0
2023-03-21 22:35:00,1.0
2023-03-21 22:36:00,0.0
2023-03-21 22:37:00,3.0
2023-03-21 22:38:00,0.0
2023-03-21 22:39:00,3.0
2023-03-21 22:40:00,1.0
2023-03-21 22:41:00,5.0
2023-03-21 22:42:00,1.0
2023-03-21 22:43:00,3.0
2023-03-21 22:44:00,8.0
2023-03-21 22:45:00,1.0
2023-03-21 22:46:00,3.0
2023-03-21 22:47:00,1.0
2023-03-21 22:48:00,7.0
2023-03-21 22:49:00,0.0
2023-03-21 22:50:00,1.0
2023-03-21 22:51:00,1.0
2023-03-21 22:52:00,0.0
2023-03-21 22:53:00,1.0
2023-03-21 22:54:00,5.0
2023-03-21 22:55:00,1.0
2023-03-21 22:56:00,7.0
2023-03-21 22:57:00,7.0
2023-03-21 22:58:00,1.0
2023-03-21 22:59:00,3.0
2023-03-21 23:00:00,1.0
2023-03-21 23:01:00,0.0
2023-03-21 23:02:00,1.0
2023-03-21 23:03:00,1.0
2023-03-21 23:04:00,5.0
2023-03-21 23:05:00,1.0
2023-03-21 23:06:00,0.0
2023-03-21 23:07:00,1.0
2023-03-21 23:08:00,10.0
2023-03-21 23:09:00,0.0
2023-03-21 23:10:00,1.0
2023-03-21 23:11:00,0.0
2023-03-21 23:12:00,1.0
2023-03-21 23:13:00,0.0
2023-03-21 23:14:00,5.0
2023-03-21 23:15:00,3.0
2023-03-21 23:16:00,7.0
2023-03-21 23:17:00,1.0
2023-03-21 23:18:00,3.0
2023-03-21 23:19:00,1.0
2023-03-21 23:20:00,1.0
2023-03-21 23:21:00,1.0
2023-03-21 23:22:00,1.0
2023-03-21 23:23:00,3.0
2023-03-21 23:24:00,3.0
2023-03-21 23:25:00,5.0
2023-03-21 23:26:00,1.0
2023-03-21 23:27:00,1.0
2023-03-21 23:28:00,7.0
2023-03-21 23:29:00,1.0
2023-03-21 23:30:00,1.0
2023-03-21 23:31:00,3.0
2023-03-21 23:32:00,1.0
2023-03-21 23:33:00,1.0
2023-03-21 23:34:00,3.0
2023-03-21 23:35:00,1.0
2023-03-21 23:36:00,3.0
2023-03-21 23:37:00,1.0
2023-03-21 23:38:00,5.0
2023-03-21 23:39:00,1.0
2023-03-21 23:40:00,1.0
2023-03-21 23:41:00,0.0
2023-03-21 23:42:00,1.0
2023-03-21 23:43:00,5.0
2023-03-21 23:44:00,8.0
2023-03-21 23:45:00,7.0
2023-03-21 23:46:00,0.0
2023-03-21 23:47:00,5.0
2023-03-21 23:48:00,7.0
2023-03-21 23:49:00,1.0
2023-03-21 23:50:00,3.0
2023-03-21 23:51:00,1.0
2023-03-21 23:52:00,1.0
2023-03-21 23:53:00,0.0
2023-03-21 23:54:00,0.0
2023-03-21 23:55:00,1.0
2023-03-21 23:56:00,10.0
2023-03-21 23:57:00,5.0
2023-03-21 23:58:00,3.0
2023-03-21 23:59:00,1.0
